internal_taxon_id,kingdom,phylum,classname,ordername,family,genus,species,taxonomicauthority
1,PLANTAE,TRACHEOPHYTA,MAGNOLIOPSIDA,LAMIALES,ACANTHACEAE,test,test1,
2,PLANTAE,TRACHEOPHYTA,MAGNOLIOPSIDA,MALPIGHIALES,ACHARIACEAE,test,test2,
3,PLANTAE,TRACHEOPHYTA,MAGNOLIOPSIDA,CARYOPHYLLALES,ACHATOCARPACEAE,test,test3,
4,PLANTAE,TRACHEOPHYTA,LILIOPSIDA,ACORALES,ACORACEAE,test,test4,
5,PLANTAE,TRACHEOPHYTA,MAGNOLIOPSIDA,ERICALES,ACTINIDIACEAE,test,test5,
6,PLANTAE,TRACHEOPHYTA,MAGNOLIOPSIDA,BERBERIDOPSIDALES,AEXTOXICACEAE,test,test6,
7,PLANTAE,TRACHEOPHYTA,MAGNOLIOPSIDA,CARYOPHYLLALES,AIZOACEAE,test,test7,
8,PLANTAE,TRACHEOPHYTA,MAGNOLIOPSIDA,BRASSICALES,AKANIACEAE,test,test8,
9,PLANTAE,TRACHEOPHYTA,LILIOPSIDA,ALISMATALES,ALISMATACEAE,test,test9,
10,PLANTAE,TRACHEOPHYTA,MAGNOLIOPSIDA,ASTERALES,ALSEUOSMIACEAE,test,test10,
11,PLANTAE,TRACHEOPHYTA,LILIOPSIDA,LILIALES,ALSTROEMERIACEAE,test,test11,
12,PLANTAE,TRACHEOPHYTA,MAGNOLIOPSIDA,SAXIFRAGALES,ALTINGIACEAE,test,test12,
13,PLANTAE,TRACHEOPHYTA,MAGNOLIOPSIDA,MYRTALES,ALZATEACEAE,test,test13,
14,PLANTAE,TRACHEOPHYTA,MAGNOLIOPSIDA,CARYOPHYLLALES,AMARANTHACEAE,test,test14,
15,PLANTAE,TRACHEOPHYTA,LILIOPSIDA,ASPARAGALES,AMARYLLIDACEAE,test,test15,
16,PLANTAE,TRACHEOPHYTA,MAGNOLIOPSIDA,AMBORELLALES,AMBORELLACEAE,test,test16,
17,PLANTAE,TRACHEOPHYTA,MAGNOLIOPSIDA,CARYOPHYLLALES,ANACAMPSEROTACEAE,test,test17,
18,PLANTAE,TRACHEOPHYTA,MAGNOLIOPSIDA,SAPINDALES,ANACARDIACEAE,test,test18,
19,PLANTAE,TRACHEOPHYTA,MAGNOLIOPSIDA,CARYOPHYLLALES,ANCISTROCLADACEAE,test,test19,
20,PLANTAE,TRACHEOPHYTA,MAGNOLIOPSIDA,CUCURBITALES,ANISOPHYLLEACEAE,test,test20,
21,PLANTAE,TRACHEOPHYTA,MAGNOLIOPSIDA,MAGNOLIALES,ANNONACEAE,test,test21,
22,PLANTAE,TRACHEOPHYTA,MAGNOLIOPSIDA,CROSSOSOMATALES,APHLOIACEAE,test,test22,
23,PLANTAE,TRACHEOPHYTA,MAGNOLIOPSIDA,APIALES,APIACEAE,test,test23,
24,PLANTAE,TRACHEOPHYTA,MAGNOLIOPSIDA,GENTIANALES,APOCYNACEAE,test,test24,
25,PLANTAE,TRACHEOPHYTA,LILIOPSIDA,ALISMATALES,APONOGETONACEAE,test,test25,
26,PLANTAE,TRACHEOPHYTA,MAGNOLIOPSIDA,AQUIFOLIALES,AQUIFOLIACEAE,test,test26,
27,PLANTAE,TRACHEOPHYTA,LILIOPSIDA,ALISMATALES,ARACEAE,test,test27,
28,PLANTAE,TRACHEOPHYTA,MAGNOLIOPSIDA,APIALES,ARALIACEAE,test,test28,
29,PLANTAE,TRACHEOPHYTA,PINOPSIDA,PINALES,ARAUCARIACEAE,test,test29,
30,PLANTAE,TRACHEOPHYTA,LILIOPSIDA,ARECALES,ARECACEAE,test,test30,
31,PLANTAE,TRACHEOPHYTA,MAGNOLIOPSIDA,ASTERALES,ARGOPHYLLACEAE,test,test31,
32,PLANTAE,TRACHEOPHYTA,MAGNOLIOPSIDA,PIPERALES,ARISTOLOCHIACEAE,test,test32,
33,PLANTAE,TRACHEOPHYTA,LILIOPSIDA,ASPARAGALES,ASPARAGACEAE,test,test33,
34,PLANTAE,TRACHEOPHYTA,LILIOPSIDA,ASPARAGALES,ASPHODELACEAE,test,test34,
35,PLANTAE,TRACHEOPHYTA,POLYPODIOPSIDA,POLYPODIALES,ASPLENIACEAE,test,test35,
36,PLANTAE,TRACHEOPHYTA,LILIOPSIDA,ASPARAGALES,ASTELIACEAE,test,test36,
37,PLANTAE,TRACHEOPHYTA,MAGNOLIOPSIDA,ASTERALES,ASTERACEAE,test,test37,
38,PLANTAE,TRACHEOPHYTA,MAGNOLIOPSIDA,CARYOPHYLLALES,ASTEROPEIACEAE,test,test38,
39,PLANTAE,TRACHEOPHYTA,MAGNOLIOPSIDA,LAURALES,ATHEROSPERMATACEAE,test,test39,
40,PLANTAE,TRACHEOPHYTA,MAGNOLIOPSIDA,MALPIGHIALES,BALANOPACEAE,test,test40,
41,PLANTAE,TRACHEOPHYTA,MAGNOLIOPSIDA,SANTALALES,BALANOPHORACEAE,test,test41,
42,PLANTAE,TRACHEOPHYTA,MAGNOLIOPSIDA,ERICALES,BALSAMINACEAE,test,test42,
43,PLANTAE,TRACHEOPHYTA,MAGNOLIOPSIDA,CARYOPHYLLALES,BARBEUIACEAE,test,test43,
44,PLANTAE,TRACHEOPHYTA,MAGNOLIOPSIDA,ROSALES,BARBEYACEAE,test,test44,
45,PLANTAE,TRACHEOPHYTA,MAGNOLIOPSIDA,CUCURBITALES,BEGONIACEAE,test,test45,
46,PLANTAE,TRACHEOPHYTA,MAGNOLIOPSIDA,RANUNCULALES,BERBERIDACEAE,test,test46,
47,PLANTAE,TRACHEOPHYTA,MAGNOLIOPSIDA,FAGALES,BETULACEAE,test,test47,
48,PLANTAE,TRACHEOPHYTA,MAGNOLIOPSIDA,LAMIALES,BIGNONIACEAE,test,test48,
49,PLANTAE,TRACHEOPHYTA,MAGNOLIOPSIDA,MALVALES,BIXACEAE,test,test49,
50,PLANTAE,TRACHEOPHYTA,MAGNOLIOPSIDA,MALPIGHIALES,BONNETIACEAE,test,test50,
51,PLANTAE,TRACHEOPHYTA,MAGNOLIOPSIDA,BORAGINALES,BORAGINACEAE,test,test51,
52,PLANTAE,TRACHEOPHYTA,MAGNOLIOPSIDA,BRASSICALES,BRASSICACEAE,test,test52,
53,PLANTAE,TRACHEOPHYTA,LILIOPSIDA,POALES,BROMELIACEAE,test,test53,
54,PLANTAE,TRACHEOPHYTA,MAGNOLIOPSIDA,OXALIDALES,BRUNELLIACEAE,test,test54,
55,PLANTAE,TRACHEOPHYTA,MAGNOLIOPSIDA,BRUNIALES,BRUNIACEAE,test,test55,
56,PLANTAE,TRACHEOPHYTA,LILIOPSIDA,DIOSCOREALES,BURMANNIACEAE,test,test56,
57,PLANTAE,TRACHEOPHYTA,MAGNOLIOPSIDA,SAPINDALES,BURSERACEAE,test,test57,
58,PLANTAE,TRACHEOPHYTA,LILIOPSIDA,ALISMATALES,BUTOMACEAE,test,test58,
59,PLANTAE,TRACHEOPHYTA,MAGNOLIOPSIDA,BUXALES,BUXACEAE,test,test59,
60,PLANTAE,TRACHEOPHYTA,MAGNOLIOPSIDA,LAMIALES,BYBLIDACEAE,test,test60,
61,PLANTAE,TRACHEOPHYTA,MAGNOLIOPSIDA,NYMPHAEALES,CABOMBACEAE,test,test61,
62,PLANTAE,TRACHEOPHYTA,MAGNOLIOPSIDA,CARYOPHYLLALES,CACTACEAE,test,test62,
63,PLANTAE,TRACHEOPHYTA,MAGNOLIOPSIDA,LAMIALES,CALCEOLARIACEAE,test,test63,
64,PLANTAE,TRACHEOPHYTA,MAGNOLIOPSIDA,MALPIGHIALES,CALOPHYLLACEAE,test,test64,
65,PLANTAE,TRACHEOPHYTA,MAGNOLIOPSIDA,LAURALES,CALYCANTHACEAE,test,test65,
66,PLANTAE,TRACHEOPHYTA,MAGNOLIOPSIDA,ASTERALES,CALYCERACEAE,test,test66,
67,PLANTAE,TRACHEOPHYTA,MAGNOLIOPSIDA,ASTERALES,CAMPANULACEAE,test,test67,
68,PLANTAE,TRACHEOPHYTA,LILIOPSIDA,LILIALES,CAMPYNEMATACEAE,test,test68,
69,PLANTAE,TRACHEOPHYTA,MAGNOLIOPSIDA,CANELLALES,CANELLACEAE,test,test69,
70,PLANTAE,TRACHEOPHYTA,MAGNOLIOPSIDA,ROSALES,CANNABACEAE,test,test70,
71,PLANTAE,TRACHEOPHYTA,MAGNOLIOPSIDA,BRASSICALES,CAPPARACEAE,test,test71,
72,PLANTAE,TRACHEOPHYTA,MAGNOLIOPSIDA,DIPSACALES,CAPRIFOLIACEAE,test,test72,
73,PLANTAE,TRACHEOPHYTA,MAGNOLIOPSIDA,CARDIOPTERIDALES,CARDIOPTERIDACEAE,test,test73,
74,PLANTAE,TRACHEOPHYTA,MAGNOLIOPSIDA,BRASSICALES,CARICACEAE,test,test74,
75,PLANTAE,TRACHEOPHYTA,MAGNOLIOPSIDA,MALPIGHIALES,CARYOCARACEAE,test,test75,
76,PLANTAE,TRACHEOPHYTA,MAGNOLIOPSIDA,CARYOPHYLLALES,CARYOPHYLLACEAE,test,test76,
77,PLANTAE,TRACHEOPHYTA,MAGNOLIOPSIDA,FAGALES,CASUARINACEAE,test,test77,
78,PLANTAE,TRACHEOPHYTA,MAGNOLIOPSIDA,CELASTRALES,CELASTRACEAE,test,test78,
79,PLANTAE,TRACHEOPHYTA,MAGNOLIOPSIDA,MALPIGHIALES,CENTROPLACACEAE,test,test79,
80,PLANTAE,TRACHEOPHYTA,MAGNOLIOPSIDA,OXALIDALES,CEPHALOTACEAE,test,test80,
81,PLANTAE,TRACHEOPHYTA,MAGNOLIOPSIDA,CERATOPHYLLALES,CERATOPHYLLACEAE,test,test81,
82,PLANTAE,TRACHEOPHYTA,MAGNOLIOPSIDA,SAXIFRAGALES,CERCIDIPHYLLACEAE,test,test82,
83,PLANTAE,TRACHEOPHYTA,MAGNOLIOPSIDA,CHLORANTHALES,CHLORANTHACEAE,test,test83,
84,PLANTAE,TRACHEOPHYTA,MAGNOLIOPSIDA,MALPIGHIALES,CHRYSOBALANACEAE,test,test84,
85,PLANTAE,TRACHEOPHYTA,MAGNOLIOPSIDA,MALVALES,CISTACEAE,test,test85,
86,PLANTAE,TRACHEOPHYTA,MAGNOLIOPSIDA,BRASSICALES,CLEOMACEAE,test,test86,
87,PLANTAE,TRACHEOPHYTA,MAGNOLIOPSIDA,ERICALES,CLETHRACEAE,test,test87,
88,PLANTAE,TRACHEOPHYTA,MAGNOLIOPSIDA,MALPIGHIALES,CLUSIACEAE,test,test88,
89,PLANTAE,TRACHEOPHYTA,LILIOPSIDA,LILIALES,COLCHICACEAE,test,test89,
90,PLANTAE,TRACHEOPHYTA,MAGNOLIOPSIDA,BRUNIALES,COLUMELLIACEAE,test,test90,
91,PLANTAE,TRACHEOPHYTA,MAGNOLIOPSIDA,MYRTALES,COMBRETACEAE,test,test91,
92,PLANTAE,TRACHEOPHYTA,LILIOPSIDA,COMMELINALES,COMMELINACEAE,test,test92,
93,PLANTAE,TRACHEOPHYTA,MAGNOLIOPSIDA,OXALIDALES,CONNARACEAE,test,test93,
94,PLANTAE,TRACHEOPHYTA,MAGNOLIOPSIDA,SOLANALES,CONVOLVULACEAE,test,test94,
95,PLANTAE,TRACHEOPHYTA,MAGNOLIOPSIDA,CUCURBITALES,CORIARIACEAE,test,test95,
96,PLANTAE,TRACHEOPHYTA,MAGNOLIOPSIDA,CORNALES,CORNACEAE,test,test96,
97,PLANTAE,TRACHEOPHYTA,MAGNOLIOPSIDA,CUCURBITALES,CORYNOCARPACEAE,test,test97,
98,PLANTAE,TRACHEOPHYTA,LILIOPSIDA,ZINGIBERALES,COSTACEAE,test,test98,
99,PLANTAE,TRACHEOPHYTA,MAGNOLIOPSIDA,SAXIFRAGALES,CRASSULACEAE,test,test99,
100,PLANTAE,TRACHEOPHYTA,MAGNOLIOPSIDA,CROSSOSOMATALES,CROSSOSOMATACEAE,test,test100,
101,PLANTAE,TRACHEOPHYTA,MAGNOLIOPSIDA,MYRTALES,CRYPTERONIACEAE,test,test101,
102,PLANTAE,TRACHEOPHYTA,MAGNOLIOPSIDA,MALPIGHIALES,CTENOLOPHONACEAE,test,test102,
103,PLANTAE,TRACHEOPHYTA,MAGNOLIOPSIDA,CUCURBITALES,CUCURBITACEAE,test,test103,
104,PLANTAE,TRACHEOPHYTA,MAGNOLIOPSIDA,OXALIDALES,CUNONIACEAE,test,test104,
105,PLANTAE,TRACHEOPHYTA,PINOPSIDA,PINALES,CUPRESSACEAE,test,test105,
106,PLANTAE,TRACHEOPHYTA,MAGNOLIOPSIDA,CORNALES,CURTISIACEAE,test,test106,
107,PLANTAE,TRACHEOPHYTA,POLYPODIOPSIDA,CYATHEALES,CYATHEACEAE,test,test107,
108,PLANTAE,TRACHEOPHYTA,CYCADOPSIDA,CYCADALES,CYCADACEAE,test,test108,
109,PLANTAE,TRACHEOPHYTA,LILIOPSIDA,PANDANALES,CYCLANTHACEAE,test,test109,
110,PLANTAE,TRACHEOPHYTA,LILIOPSIDA,ALISMATALES,CYMODOCEACEAE,test,test110,
111,PLANTAE,TRACHEOPHYTA,LILIOPSIDA,POALES,CYPERACEAE,test,test111,
112,PLANTAE,TRACHEOPHYTA,MAGNOLIOPSIDA,ERICALES,CYRILLACEAE,test,test112,
113,PLANTAE,TRACHEOPHYTA,MAGNOLIOPSIDA,SAXIFRAGALES,DAPHNIPHYLLACEAE,test,test113,
114,PLANTAE,TRACHEOPHYTA,LILIOPSIDA,ARECALES,DASYPOGONACEAE,test,test114,
115,PLANTAE,TRACHEOPHYTA,MAGNOLIOPSIDA,MAGNOLIALES,DEGENERIACEAE,test,test115,
116,PLANTAE,TRACHEOPHYTA,POLYPODIOPSIDA,POLYPODIALES,DENNSTAEDTIACEAE,test,test116,
117,PLANTAE,TRACHEOPHYTA,MAGNOLIOPSIDA,MALPIGHIALES,DICHAPETALACEAE,test,test117,
118,PLANTAE,TRACHEOPHYTA,MAGNOLIOPSIDA,CARYOPHYLLALES,DIDIEREACEAE,test,test118,
119,PLANTAE,TRACHEOPHYTA,MAGNOLIOPSIDA,DILLENIALES,DILLENIACEAE,test,test119,
120,PLANTAE,TRACHEOPHYTA,MAGNOLIOPSIDA,CARYOPHYLLALES,DIONCOPHYLLACEAE,test,test120,
121,PLANTAE,TRACHEOPHYTA,LILIOPSIDA,DIOSCOREALES,DIOSCOREACEAE,test,test121,
122,PLANTAE,TRACHEOPHYTA,MAGNOLIOPSIDA,HUERTEALES,DIPENTODONTACEAE,test,test122,
123,PLANTAE,TRACHEOPHYTA,MAGNOLIOPSIDA,MALVALES,DIPTEROCARPACEAE,test,test123,
124,PLANTAE,TRACHEOPHYTA,MAGNOLIOPSIDA,ROSALES,DIRACHMACEAE,test,test124,
125,PLANTAE,TRACHEOPHYTA,MAGNOLIOPSIDA,CARYOPHYLLALES,DROSERACEAE,test,test125,
126,PLANTAE,TRACHEOPHYTA,MAGNOLIOPSIDA,ERICALES,EBENACEAE,test,test126,
127,PLANTAE,TRACHEOPHYTA,MAGNOLIOPSIDA,ROSALES,ELAEAGNACEAE,test,test127,
128,PLANTAE,TRACHEOPHYTA,MAGNOLIOPSIDA,OXALIDALES,ELAEOCARPACEAE,test,test128,
129,PLANTAE,TRACHEOPHYTA,MAGNOLIOPSIDA,MALPIGHIALES,ELATINACEAE,test,test129,
130,PLANTAE,TRACHEOPHYTA,GNETOPSIDA,EPHEDRALES,EPHEDRACEAE,test,test130,
131,PLANTAE,TRACHEOPHYTA,POLYPODIOPSIDA,EQUISETALES,EQUISETACEAE,test,test131,
132,PLANTAE,TRACHEOPHYTA,MAGNOLIOPSIDA,ERICALES,ERICACEAE,test,test132,
133,PLANTAE,TRACHEOPHYTA,LILIOPSIDA,POALES,ERIOCAULACEAE,test,test133,
134,PLANTAE,TRACHEOPHYTA,MAGNOLIOPSIDA,MALPIGHIALES,ERYTHROXYLACEAE,test,test134,
135,PLANTAE,TRACHEOPHYTA,MAGNOLIOPSIDA,ESCALLONIALES,ESCALLONIACEAE,test,test135,
136,PLANTAE,TRACHEOPHYTA,MAGNOLIOPSIDA,GARRYALES,EUCOMMIACEAE,test,test136,
137,PLANTAE,TRACHEOPHYTA,MAGNOLIOPSIDA,MALPIGHIALES,EUPHORBIACEAE,test,test137,
138,PLANTAE,TRACHEOPHYTA,MAGNOLIOPSIDA,MALPIGHIALES,EUPHRONIACEAE,test,test138,
139,PLANTAE,TRACHEOPHYTA,MAGNOLIOPSIDA,MAGNOLIALES,EUPOMATIACEAE,test,test139,
140,PLANTAE,TRACHEOPHYTA,MAGNOLIOPSIDA,RANUNCULALES,EUPTELEACEAE,test,test140,
141,PLANTAE,TRACHEOPHYTA,MAGNOLIOPSIDA,FABALES,FABACEAE,test,test141,
142,PLANTAE,TRACHEOPHYTA,MAGNOLIOPSIDA,FAGALES,FAGACEAE,test,test142,
143,PLANTAE,TRACHEOPHYTA,MAGNOLIOPSIDA,ERICALES,FOUQUIERIACEAE,test,test143,
144,PLANTAE,TRACHEOPHYTA,MAGNOLIOPSIDA,GERANIALES,FRANCOACEAE,test,test144,
145,PLANTAE,TRACHEOPHYTA,MAGNOLIOPSIDA,CARYOPHYLLALES,FRANKENIACEAE,test,test145,
146,PLANTAE,TRACHEOPHYTA,MAGNOLIOPSIDA,GARRYALES,GARRYACEAE,test,test146,
147,PLANTAE,TRACHEOPHYTA,MAGNOLIOPSIDA,GENTIANALES,GELSEMIACEAE,test,test147,
148,PLANTAE,TRACHEOPHYTA,MAGNOLIOPSIDA,GENTIANALES,GENTIANACEAE,test,test148,
149,PLANTAE,TRACHEOPHYTA,MAGNOLIOPSIDA,GERANIALES,GERANIACEAE,test,test149,
150,PLANTAE,TRACHEOPHYTA,MAGNOLIOPSIDA,HUERTEALES,GERRARDINACEAE,test,test150,
151,PLANTAE,TRACHEOPHYTA,MAGNOLIOPSIDA,LAMIALES,GESNERIACEAE,test,test151,
152,PLANTAE,TRACHEOPHYTA,GINKGOOPSIDA,GINKGOALES,GINKGOACEAE,test,test152,
153,PLANTAE,TRACHEOPHYTA,POLYPODIOPSIDA,GLEICHENIALES,GLEICHENIACEAE,test,test153,
154,PLANTAE,TRACHEOPHYTA,GNETOPSIDA,GNETALES,GNETACEAE,test,test154,
155,PLANTAE,TRACHEOPHYTA,MAGNOLIOPSIDA,LAURALES,GOMORTEGACEAE,test,test155,
156,PLANTAE,TRACHEOPHYTA,MAGNOLIOPSIDA,ASTERALES,GOODENIACEAE,test,test156,
157,PLANTAE,TRACHEOPHYTA,MAGNOLIOPSIDA,MALPIGHIALES,GOUPIACEAE,test,test157,
158,PLANTAE,TRACHEOPHYTA,MAGNOLIOPSIDA,SAXIFRAGALES,GROSSULARIACEAE,test,test158,
159,PLANTAE,TRACHEOPHYTA,MAGNOLIOPSIDA,GUNNERALES,GUNNERACEAE,test,test159,
160,PLANTAE,TRACHEOPHYTA,MAGNOLIOPSIDA,BRASSICALES,GYROSTEMONACEAE,test,test160,
161,PLANTAE,TRACHEOPHYTA,LILIOPSIDA,COMMELINALES,HAEMODORACEAE,test,test161,
162,PLANTAE,TRACHEOPHYTA,MAGNOLIOPSIDA,SAXIFRAGALES,HALORAGACEAE,test,test162,
163,PLANTAE,TRACHEOPHYTA,MAGNOLIOPSIDA,SAXIFRAGALES,HAMAMELIDACEAE,test,test163,
164,PLANTAE,TRACHEOPHYTA,LILIOPSIDA,COMMELINALES,HANGUANACEAE,test,test164,
165,PLANTAE,TRACHEOPHYTA,LILIOPSIDA,ZINGIBERALES,HELICONIACEAE,test,test165,
166,PLANTAE,TRACHEOPHYTA,MAGNOLIOPSIDA,AQUIFOLIALES,HELWINGIACEAE,test,test166,
167,PLANTAE,TRACHEOPHYTA,MAGNOLIOPSIDA,LAURALES,HERNANDIACEAE,test,test167,
168,PLANTAE,TRACHEOPHYTA,MAGNOLIOPSIDA,MAGNOLIALES,HIMANTANDRACEAE,test,test168,
169,PLANTAE,TRACHEOPHYTA,MAGNOLIOPSIDA,OXALIDALES,HUACEAE,test,test169,
170,PLANTAE,TRACHEOPHYTA,MAGNOLIOPSIDA,MALPIGHIALES,HUMIRIACEAE,test,test170,
171,PLANTAE,TRACHEOPHYTA,MAGNOLIOPSIDA,NYMPHAEALES,HYDATELLACEAE,test,test171,
172,PLANTAE,TRACHEOPHYTA,MAGNOLIOPSIDA,CORNALES,HYDRANGEACEAE,test,test172,
173,PLANTAE,TRACHEOPHYTA,LILIOPSIDA,ALISMATALES,HYDROCHARITACEAE,test,test173,
174,PLANTAE,TRACHEOPHYTA,MAGNOLIOPSIDA,SOLANALES,HYDROLEACEAE,test,test174,
175,PLANTAE,TRACHEOPHYTA,MAGNOLIOPSIDA,CORNALES,HYDROSTACHYACEAE,test,test175,
176,PLANTAE,TRACHEOPHYTA,POLYPODIOPSIDA,HYMENOPHYLLALES,HYMENOPHYLLACEAE,test,test176,
177,PLANTAE,TRACHEOPHYTA,MAGNOLIOPSIDA,MALPIGHIALES,HYPERICACEAE,test,test177,
178,PLANTAE,TRACHEOPHYTA,LILIOPSIDA,ASPARAGALES,HYPOXIDACEAE,test,test178,
179,PLANTAE,TRACHEOPHYTA,MAGNOLIOPSIDA,ICACINALES,ICACINACEAE,test,test179,
180,PLANTAE,TRACHEOPHYTA,LILIOPSIDA,ASPARAGALES,IRIDACEAE,test,test180,
181,PLANTAE,TRACHEOPHYTA,MAGNOLIOPSIDA,MALPIGHIALES,IRVINGIACEAE,test,test181,
182,PLANTAE,TRACHEOPHYTA,LYCOPODIOPSIDA,ISOETALES,ISOETACEAE,test,test182,
183,PLANTAE,TRACHEOPHYTA,MAGNOLIOPSIDA,SAXIFRAGALES,ITEACEAE,test,test183,
184,PLANTAE,TRACHEOPHYTA,MAGNOLIOPSIDA,MALPIGHIALES,IXONANTHACEAE,test,test184,
185,PLANTAE,TRACHEOPHYTA,MAGNOLIOPSIDA,FAGALES,JUGLANDACEAE,test,test185,
186,PLANTAE,TRACHEOPHYTA,LILIOPSIDA,POALES,JUNCACEAE,test,test186,
187,PLANTAE,TRACHEOPHYTA,LILIOPSIDA,ALISMATALES,JUNCAGINACEAE,test,test187,
188,PLANTAE,TRACHEOPHYTA,MAGNOLIOPSIDA,CARYOPHYLLALES,KEWACEAE,test,test188,
189,PLANTAE,TRACHEOPHYTA,MAGNOLIOPSIDA,SAPINDALES,KIRKIACEAE,test,test189,
190,PLANTAE,TRACHEOPHYTA,MAGNOLIOPSIDA,BRASSICALES,KOEBERLINIACEAE,test,test190,
191,PLANTAE,TRACHEOPHYTA,MAGNOLIOPSIDA,MALPIGHIALES,LACISTEMATACEAE,test,test191,
192,PLANTAE,TRACHEOPHYTA,MAGNOLIOPSIDA,LAMIALES,LAMIACEAE,test,test192,
193,PLANTAE,TRACHEOPHYTA,MAGNOLIOPSIDA,LAURALES,LAURACEAE,test,test193,
194,PLANTAE,TRACHEOPHYTA,MAGNOLIOPSIDA,ERICALES,LECYTHIDACEAE,test,test194,
195,PLANTAE,TRACHEOPHYTA,MAGNOLIOPSIDA,LAMIALES,LENTIBULARIACEAE,test,test195,
196,PLANTAE,TRACHEOPHYTA,MAGNOLIOPSIDA,CELASTRALES,LEPIDOBOTRYACEAE,test,test196,
197,PLANTAE,TRACHEOPHYTA,LILIOPSIDA,LILIALES,LILIACEAE,test,test197,
198,PLANTAE,TRACHEOPHYTA,MAGNOLIOPSIDA,MALPIGHIALES,LINACEAE,test,test198,
199,PLANTAE,TRACHEOPHYTA,MAGNOLIOPSIDA,LAMIALES,LINDERNIACEAE,test,test199,
200,PLANTAE,TRACHEOPHYTA,POLYPODIOPSIDA,POLYPODIALES,LINDSAEACEAE,test,test200,
201,PLANTAE,TRACHEOPHYTA,MAGNOLIOPSIDA,CORNALES,LOASACEAE,test,test201,
202,PLANTAE,TRACHEOPHYTA,MAGNOLIOPSIDA,GENTIANALES,LOGANIACEAE,test,test202,
203,PLANTAE,TRACHEOPHYTA,MAGNOLIOPSIDA,SANTALALES,LORANTHACEAE,test,test203,
204,PLANTAE,TRACHEOPHYTA,LILIOPSIDA,ZINGIBERALES,LOWIACEAE,test,test204,
205,PLANTAE,TRACHEOPHYTA,LYCOPODIOPSIDA,LYCOPODIALES,LYCOPODIACEAE,test,test205,
206,PLANTAE,TRACHEOPHYTA,MAGNOLIOPSIDA,MYRTALES,LYTHRACEAE,test,test206,
207,PLANTAE,TRACHEOPHYTA,MAGNOLIOPSIDA,MAGNOLIALES,MAGNOLIACEAE,test,test207,
208,PLANTAE,TRACHEOPHYTA,MAGNOLIOPSIDA,MALPIGHIALES,MALPIGHIACEAE,test,test208,
209,PLANTAE,TRACHEOPHYTA,MAGNOLIOPSIDA,MALVALES,MALVACEAE,test,test209,
210,PLANTAE,TRACHEOPHYTA,LILIOPSIDA,ZINGIBERALES,MARANTACEAE,test,test210,
211,PLANTAE,TRACHEOPHYTA,POLYPODIOPSIDA,MARATTIALES,MARATTIACEAE,test,test211,
212,PLANTAE,TRACHEOPHYTA,MAGNOLIOPSIDA,ERICALES,MARCGRAVIACEAE,test,test212,
213,PLANTAE,TRACHEOPHYTA,POLYPODIOPSIDA,SALVINIALES,MARSILEACEAE,test,test213,
214,PLANTAE,TRACHEOPHYTA,MAGNOLIOPSIDA,LAMIALES,MARTYNIACEAE,test,test214,
215,PLANTAE,TRACHEOPHYTA,LILIOPSIDA,LILIALES,MELANTHIACEAE,test,test215,
216,PLANTAE,TRACHEOPHYTA,MAGNOLIOPSIDA,MYRTALES,MELASTOMATACEAE,test,test216,
217,PLANTAE,TRACHEOPHYTA,MAGNOLIOPSIDA,SAPINDALES,MELIACEAE,test,test217,
218,PLANTAE,TRACHEOPHYTA,MAGNOLIOPSIDA,RANUNCULALES,MENISPERMACEAE,test,test218,
219,PLANTAE,TRACHEOPHYTA,MAGNOLIOPSIDA,ASTERALES,MENYANTHACEAE,test,test219,
220,PLANTAE,TRACHEOPHYTA,MAGNOLIOPSIDA,METTENIUSALES,METTENIUSACEAE,test,test220,
221,PLANTAE,TRACHEOPHYTA,MAGNOLIOPSIDA,CARYOPHYLLALES,MOLLUGINACEAE,test,test221,
222,PLANTAE,TRACHEOPHYTA,MAGNOLIOPSIDA,LAURALES,MONIMIACEAE,test,test222,
223,PLANTAE,TRACHEOPHYTA,MAGNOLIOPSIDA,CARYOPHYLLALES,MONTIACEAE,test,test223,
224,PLANTAE,TRACHEOPHYTA,MAGNOLIOPSIDA,SOLANALES,MONTINIACEAE,test,test224,
225,PLANTAE,TRACHEOPHYTA,MAGNOLIOPSIDA,ROSALES,MORACEAE,test,test225,
226,PLANTAE,TRACHEOPHYTA,MAGNOLIOPSIDA,BRASSICALES,MORINGACEAE,test,test226,
227,PLANTAE,TRACHEOPHYTA,MAGNOLIOPSIDA,MALVALES,MUNTINGIACEAE,test,test227,
228,PLANTAE,TRACHEOPHYTA,LILIOPSIDA,ZINGIBERALES,MUSACEAE,test,test228,
229,PLANTAE,TRACHEOPHYTA,MAGNOLIOPSIDA,APIALES,MYODOCARPACEAE,test,test229,
230,PLANTAE,TRACHEOPHYTA,MAGNOLIOPSIDA,FAGALES,MYRICACEAE,test,test230,
231,PLANTAE,TRACHEOPHYTA,MAGNOLIOPSIDA,MAGNOLIALES,MYRISTICACEAE,test,test231,
232,PLANTAE,TRACHEOPHYTA,MAGNOLIOPSIDA,MYRTALES,MYRTACEAE,test,test232,
233,PLANTAE,TRACHEOPHYTA,LILIOPSIDA,DIOSCOREALES,NARTHECIACEAE,test,test233,
234,PLANTAE,TRACHEOPHYTA,MAGNOLIOPSIDA,PROTEALES,NELUMBONACEAE,test,test234,
235,PLANTAE,TRACHEOPHYTA,MAGNOLIOPSIDA,CARYOPHYLLALES,NEPENTHACEAE,test,test235,
236,PLANTAE,TRACHEOPHYTA,MAGNOLIOPSIDA,SAPINDALES,NITRARIACEAE,test,test236,
237,PLANTAE,TRACHEOPHYTA,MAGNOLIOPSIDA,FAGALES,NOTHOFAGACEAE,test,test237,
238,PLANTAE,TRACHEOPHYTA,MAGNOLIOPSIDA,CARYOPHYLLALES,NYCTAGINACEAE,test,test238,
239,PLANTAE,TRACHEOPHYTA,MAGNOLIOPSIDA,NYMPHAEALES,NYMPHAEACEAE,test,test239,
240,PLANTAE,TRACHEOPHYTA,MAGNOLIOPSIDA,CORNALES,NYSSACEAE,test,test240,
241,PLANTAE,TRACHEOPHYTA,MAGNOLIOPSIDA,MALPIGHIALES,OCHNACEAE,test,test241,
242,PLANTAE,TRACHEOPHYTA,MAGNOLIOPSIDA,SANTALALES,OLACACEAE,test,test242,
243,PLANTAE,TRACHEOPHYTA,MAGNOLIOPSIDA,LAMIALES,OLEACEAE,test,test243,
244,PLANTAE,TRACHEOPHYTA,MAGNOLIOPSIDA,MYRTALES,ONAGRACEAE,test,test244,
245,PLANTAE,TRACHEOPHYTA,MAGNOLIOPSIDA,ONCOTHECALES,ONCOTHECACEAE,test,test245,
246,PLANTAE,TRACHEOPHYTA,POLYPODIOPSIDA,OPHIOGLOSSALES,OPHIOGLOSSACEAE,test,test246,
247,PLANTAE,TRACHEOPHYTA,MAGNOLIOPSIDA,SANTALALES,OPILIACEAE,test,test247,
248,PLANTAE,TRACHEOPHYTA,LILIOPSIDA,ASPARAGALES,ORCHIDACEAE,test,test248,
249,PLANTAE,TRACHEOPHYTA,MAGNOLIOPSIDA,LAMIALES,OROBANCHACEAE,test,test249,
250,PLANTAE,TRACHEOPHYTA,POLYPODIOPSIDA,OSMUNDALES,OSMUNDACEAE,test,test250,
251,PLANTAE,TRACHEOPHYTA,MAGNOLIOPSIDA,OXALIDALES,OXALIDACEAE,test,test251,
252,PLANTAE,TRACHEOPHYTA,MAGNOLIOPSIDA,SAXIFRAGALES,PAEONIACEAE,test,test252,
253,PLANTAE,TRACHEOPHYTA,MAGNOLIOPSIDA,MALPIGHIALES,PANDACEAE,test,test253,
254,PLANTAE,TRACHEOPHYTA,LILIOPSIDA,PANDANALES,PANDANACEAE,test,test254,
255,PLANTAE,TRACHEOPHYTA,MAGNOLIOPSIDA,RANUNCULALES,PAPAVERACEAE,test,test255,
256,PLANTAE,TRACHEOPHYTA,MAGNOLIOPSIDA,PARACRYPHIALES,PARACRYPHIACEAE,test,test256,
257,PLANTAE,TRACHEOPHYTA,MAGNOLIOPSIDA,MALPIGHIALES,PASSIFLORACEAE,test,test257,
258,PLANTAE,TRACHEOPHYTA,MAGNOLIOPSIDA,LAMIALES,PAULOWNIACEAE,test,test258,
259,PLANTAE,TRACHEOPHYTA,MAGNOLIOPSIDA,LAMIALES,PEDALIACEAE,test,test259,
260,PLANTAE,TRACHEOPHYTA,MAGNOLIOPSIDA,MYRTALES,PENAEACEAE,test,test260,
261,PLANTAE,TRACHEOPHYTA,MAGNOLIOPSIDA,APIALES,PENNANTIACEAE,test,test261,
262,PLANTAE,TRACHEOPHYTA,MAGNOLIOPSIDA,ERICALES,PENTAPHYLACACEAE,test,test262,
263,PLANTAE,TRACHEOPHYTA,MAGNOLIOPSIDA,SAXIFRAGALES,PENTHORACEAE,test,test263,
264,PLANTAE,TRACHEOPHYTA,MAGNOLIOPSIDA,MALPIGHIALES,PERACEAE,test,test264,
265,PLANTAE,TRACHEOPHYTA,MAGNOLIOPSIDA,SAXIFRAGALES,PERIDISCACEAE,test,test265,
266,PLANTAE,TRACHEOPHYTA,MAGNOLIOPSIDA,HUERTEALES,PETENAEACEAE,test,test266,
267,PLANTAE,TRACHEOPHYTA,MAGNOLIOPSIDA,CARYOPHYLLALES,PETIVERIACEAE,test,test267,
268,PLANTAE,TRACHEOPHYTA,MAGNOLIOPSIDA,ASTERALES,PHELLINACEAE,test,test268,
269,PLANTAE,TRACHEOPHYTA,MAGNOLIOPSIDA,LAMIALES,PHRYMACEAE,test,test269,
270,PLANTAE,TRACHEOPHYTA,MAGNOLIOPSIDA,MALPIGHIALES,PHYLLANTHACEAE,test,test270,
271,PLANTAE,TRACHEOPHYTA,MAGNOLIOPSIDA,AQUIFOLIALES,PHYLLONOMACEAE,test,test271,
272,PLANTAE,TRACHEOPHYTA,MAGNOLIOPSIDA,CARYOPHYLLALES,PHYSENACEAE,test,test272,
273,PLANTAE,TRACHEOPHYTA,MAGNOLIOPSIDA,CARYOPHYLLALES,PHYTOLACCACEAE,test,test273,
274,PLANTAE,TRACHEOPHYTA,MAGNOLIOPSIDA,PICRAMNIALES,PICRAMNIACEAE,test,test274,
275,PLANTAE,TRACHEOPHYTA,MAGNOLIOPSIDA,MALPIGHIALES,PICRODENDRACEAE,test,test275,
276,PLANTAE,TRACHEOPHYTA,PINOPSIDA,PINALES,PINACEAE,test,test276,
277,PLANTAE,TRACHEOPHYTA,MAGNOLIOPSIDA,PIPERALES,PIPERACEAE,test,test277,
278,PLANTAE,TRACHEOPHYTA,MAGNOLIOPSIDA,APIALES,PITTOSPORACEAE,test,test278,
279,PLANTAE,TRACHEOPHYTA,MAGNOLIOPSIDA,LAMIALES,PLANTAGINACEAE,test,test279,
280,PLANTAE,TRACHEOPHYTA,MAGNOLIOPSIDA,PROTEALES,PLATANACEAE,test,test280,
281,PLANTAE,TRACHEOPHYTA,MAGNOLIOPSIDA,LAMIALES,PLOCOSPERMATACEAE,test,test281,
282,PLANTAE,TRACHEOPHYTA,MAGNOLIOPSIDA,CARYOPHYLLALES,PLUMBAGINACEAE,test,test282,
283,PLANTAE,TRACHEOPHYTA,LILIOPSIDA,POALES,POACEAE,test,test283,
284,PLANTAE,TRACHEOPHYTA,PINOPSIDA,PINALES,PODOCARPACEAE,test,test284,
285,PLANTAE,TRACHEOPHYTA,MAGNOLIOPSIDA,MALPIGHIALES,PODOSTEMACEAE,test,test285,
286,PLANTAE,TRACHEOPHYTA,MAGNOLIOPSIDA,ERICALES,POLEMONIACEAE,test,test286,
287,PLANTAE,TRACHEOPHYTA,MAGNOLIOPSIDA,FABALES,POLYGALACEAE,test,test287,
288,PLANTAE,TRACHEOPHYTA,MAGNOLIOPSIDA,CARYOPHYLLALES,POLYGONACEAE,test,test288,
289,PLANTAE,TRACHEOPHYTA,POLYPODIOPSIDA,POLYPODIALES,POLYPODIACEAE,test,test289,
290,PLANTAE,TRACHEOPHYTA,LILIOPSIDA,COMMELINALES,PONTEDERIACEAE,test,test290,
291,PLANTAE,TRACHEOPHYTA,MAGNOLIOPSIDA,CARYOPHYLLALES,PORTULACACEAE,test,test291,
292,PLANTAE,TRACHEOPHYTA,LILIOPSIDA,ALISMATALES,POSIDONIACEAE,test,test292,
293,PLANTAE,TRACHEOPHYTA,LILIOPSIDA,ALISMATALES,POTAMOGETONACEAE,test,test293,
294,PLANTAE,TRACHEOPHYTA,MAGNOLIOPSIDA,ERICALES,PRIMULACEAE,test,test294,
295,PLANTAE,TRACHEOPHYTA,MAGNOLIOPSIDA,PROTEALES,PROTEACEAE,test,test295,
296,PLANTAE,TRACHEOPHYTA,POLYPODIOPSIDA,PSILOTALES,PSILOTACEAE,test,test296,
297,PLANTAE,TRACHEOPHYTA,POLYPODIOPSIDA,POLYPODIALES,PTERIDACEAE,test,test297,
298,PLANTAE,TRACHEOPHYTA,MAGNOLIOPSIDA,MALPIGHIALES,PUTRANJIVACEAE,test,test298,
299,PLANTAE,TRACHEOPHYTA,MAGNOLIOPSIDA,FABALES,QUILLAJACEAE,test,test299,
300,PLANTAE,TRACHEOPHYTA,MAGNOLIOPSIDA,MALPIGHIALES,RAFFLESIACEAE,test,test300,
301,PLANTAE,TRACHEOPHYTA,MAGNOLIOPSIDA,RANUNCULALES,RANUNCULACEAE,test,test301,
302,PLANTAE,TRACHEOPHYTA,MAGNOLIOPSIDA,BRASSICALES,RESEDACEAE,test,test302,
303,PLANTAE,TRACHEOPHYTA,LILIOPSIDA,POALES,RESTIONACEAE,test,test303,
304,PLANTAE,TRACHEOPHYTA,MAGNOLIOPSIDA,CARYOPHYLLALES,RHABDODENDRACEAE,test,test304,
305,PLANTAE,TRACHEOPHYTA,MAGNOLIOPSIDA,ROSALES,RHAMNACEAE,test,test305,
306,PLANTAE,TRACHEOPHYTA,MAGNOLIOPSIDA,MALPIGHIALES,RHIZOPHORACEAE,test,test306,
307,PLANTAE,TRACHEOPHYTA,MAGNOLIOPSIDA,ROSALES,ROSACEAE,test,test307,
308,PLANTAE,TRACHEOPHYTA,MAGNOLIOPSIDA,ASTERALES,ROUSSEACEAE,test,test308,
309,PLANTAE,TRACHEOPHYTA,MAGNOLIOPSIDA,GENTIANALES,RUBIACEAE,test,test309,
310,PLANTAE,TRACHEOPHYTA,LILIOPSIDA,ALISMATALES,RUPPIACEAE,test,test310,
311,PLANTAE,TRACHEOPHYTA,MAGNOLIOPSIDA,SAPINDALES,RUTACEAE,test,test311,
312,PLANTAE,TRACHEOPHYTA,MAGNOLIOPSIDA,PROTEALES,SABIACEAE,test,test312,
313,PLANTAE,TRACHEOPHYTA,POLYPODIOPSIDA,POLYPODIALES,SACCOLOMATACEAE,test,test313,
314,PLANTAE,TRACHEOPHYTA,MAGNOLIOPSIDA,MALPIGHIALES,SALICACEAE,test,test314,
315,PLANTAE,TRACHEOPHYTA,MAGNOLIOPSIDA,BRASSICALES,SALVADORACEAE,test,test315,
316,PLANTAE,TRACHEOPHYTA,POLYPODIOPSIDA,SALVINIALES,SALVINIACEAE,test,test316,
317,PLANTAE,TRACHEOPHYTA,MAGNOLIOPSIDA,SANTALALES,SANTALACEAE,test,test317,
318,PLANTAE,TRACHEOPHYTA,MAGNOLIOPSIDA,SAPINDALES,SAPINDACEAE,test,test318,
319,PLANTAE,TRACHEOPHYTA,MAGNOLIOPSIDA,ERICALES,SAPOTACEAE,test,test319,
320,PLANTAE,TRACHEOPHYTA,MAGNOLIOPSIDA,CARYOPHYLLALES,SARCOBATACEAE,test,test320,
321,PLANTAE,TRACHEOPHYTA,MAGNOLIOPSIDA,MALVALES,SARCOLAENACEAE,test,test321,
322,PLANTAE,TRACHEOPHYTA,MAGNOLIOPSIDA,ERICALES,SARRACENIACEAE,test,test322,
323,PLANTAE,TRACHEOPHYTA,MAGNOLIOPSIDA,PIPERALES,SAURURACEAE,test,test323,
324,PLANTAE,TRACHEOPHYTA,MAGNOLIOPSIDA,SAXIFRAGALES,SAXIFRAGACEAE,test,test324,
325,PLANTAE,TRACHEOPHYTA,LILIOPSIDA,ALISMATALES,SCHEUCHZERIACEAE,test,test325,
326,PLANTAE,TRACHEOPHYTA,MAGNOLIOPSIDA,AUSTROBAILEYALES,SCHISANDRACEAE,test,test326,
327,PLANTAE,TRACHEOPHYTA,POLYPODIOPSIDA,SCHIZAEALES,SCHIZAEACEAE,test,test327,
328,PLANTAE,TRACHEOPHYTA,MAGNOLIOPSIDA,LAMIALES,SCHLEGELIACEAE,test,test328,
329,PLANTAE,TRACHEOPHYTA,MAGNOLIOPSIDA,SANTALALES,SCHOEPFIACEAE,test,test329,
330,PLANTAE,TRACHEOPHYTA,PINOPSIDA,PINALES,SCIADOPITYACEAE,test,test330,
331,PLANTAE,TRACHEOPHYTA,MAGNOLIOPSIDA,LAMIALES,SCROPHULARIACEAE,test,test331,
332,PLANTAE,TRACHEOPHYTA,LYCOPODIOPSIDA,SELAGINELLALES,SELAGINELLACEAE,test,test332,
333,PLANTAE,TRACHEOPHYTA,MAGNOLIOPSIDA,SAPINDALES,SIMAROUBACEAE,test,test333,
334,PLANTAE,TRACHEOPHYTA,MAGNOLIOPSIDA,LAURALES,SIPARUNACEAE,test,test334,
335,PLANTAE,TRACHEOPHYTA,MAGNOLIOPSIDA,ERICALES,SLADENIACEAE,test,test335,
336,PLANTAE,TRACHEOPHYTA,LILIOPSIDA,LILIALES,SMILACACEAE,test,test336,
337,PLANTAE,TRACHEOPHYTA,MAGNOLIOPSIDA,SOLANALES,SOLANACEAE,test,test337,
338,PLANTAE,TRACHEOPHYTA,MAGNOLIOPSIDA,MALVALES,SPHAEROSEPALACEAE,test,test338,
339,PLANTAE,TRACHEOPHYTA,MAGNOLIOPSIDA,SOLANALES,SPHENOCLEACEAE,test,test339,
340,PLANTAE,TRACHEOPHYTA,MAGNOLIOPSIDA,CROSSOSOMATALES,STACHYURACEAE,test,test340,
341,PLANTAE,TRACHEOPHYTA,MAGNOLIOPSIDA,CROSSOSOMATALES,STAPHYLEACEAE,test,test341,
342,PLANTAE,TRACHEOPHYTA,MAGNOLIOPSIDA,CARDIOPTERIDALES,STEMONURACEAE,test,test342,
343,PLANTAE,TRACHEOPHYTA,MAGNOLIOPSIDA,LAMIALES,STILBACEAE,test,test343,
344,PLANTAE,TRACHEOPHYTA,MAGNOLIOPSIDA,CROSSOSOMATALES,STRASBURGERIACEAE,test,test344,
345,PLANTAE,TRACHEOPHYTA,LILIOPSIDA,ZINGIBERALES,STRELITZIACEAE,test,test345,
346,PLANTAE,TRACHEOPHYTA,MAGNOLIOPSIDA,ASTERALES,STYLIDIACEAE,test,test346,
347,PLANTAE,TRACHEOPHYTA,MAGNOLIOPSIDA,ERICALES,STYRACACEAE,test,test347,
348,PLANTAE,TRACHEOPHYTA,MAGNOLIOPSIDA,FABALES,SURIANACEAE,test,test348,
349,PLANTAE,TRACHEOPHYTA,MAGNOLIOPSIDA,ERICALES,SYMPLOCACEAE,test,test349,
350,PLANTAE,TRACHEOPHYTA,MAGNOLIOPSIDA,CARYOPHYLLALES,TALINACEAE,test,test350,
351,PLANTAE,TRACHEOPHYTA,MAGNOLIOPSIDA,CARYOPHYLLALES,TAMARICACEAE,test,test351,
352,PLANTAE,TRACHEOPHYTA,MAGNOLIOPSIDA,HUERTEALES,TAPISCIACEAE,test,test352,
353,PLANTAE,TRACHEOPHYTA,PINOPSIDA,PINALES,TAXACEAE,test,test353,
354,PLANTAE,TRACHEOPHYTA,LILIOPSIDA,ASPARAGALES,TECOPHILAEACEAE,test,test354,
355,PLANTAE,TRACHEOPHYTA,MAGNOLIOPSIDA,CUCURBITALES,TETRAMELACEAE,test,test355,
356,PLANTAE,TRACHEOPHYTA,MAGNOLIOPSIDA,ERICALES,TETRAMERISTACEAE,test,test356,
357,PLANTAE,TRACHEOPHYTA,MAGNOLIOPSIDA,ERICALES,THEACEAE,test,test357,
358,PLANTAE,TRACHEOPHYTA,MAGNOLIOPSIDA,LAMIALES,THOMANDERSIACEAE,test,test358,
359,PLANTAE,TRACHEOPHYTA,LILIOPSIDA,POALES,THURNIACEAE,test,test359,
360,PLANTAE,TRACHEOPHYTA,MAGNOLIOPSIDA,MALVALES,THYMELAEACEAE,test,test360,
361,PLANTAE,TRACHEOPHYTA,MAGNOLIOPSIDA,FAGALES,TICODENDRACEAE,test,test361,
362,PLANTAE,TRACHEOPHYTA,MAGNOLIOPSIDA,APIALES,TORRICELLIACEAE,test,test362,
363,PLANTAE,TRACHEOPHYTA,MAGNOLIOPSIDA,MALPIGHIALES,TRIGONIACEAE,test,test363,
364,PLANTAE,TRACHEOPHYTA,MAGNOLIOPSIDA,AUSTROBAILEYALES,TRIMENIACEAE,test,test364,
365,PLANTAE,TRACHEOPHYTA,LILIOPSIDA,PANDANALES,TRIURIDACEAE,test,test365,
366,PLANTAE,TRACHEOPHYTA,MAGNOLIOPSIDA,TROCHODENDRALES,TROCHODENDRACEAE,test,test366,
367,PLANTAE,TRACHEOPHYTA,MAGNOLIOPSIDA,BRASSICALES,TROPAEOLACEAE,test,test367,
368,PLANTAE,TRACHEOPHYTA,LILIOPSIDA,POALES,TYPHACEAE,test,test368,
369,PLANTAE,TRACHEOPHYTA,MAGNOLIOPSIDA,ROSALES,ULMACEAE,test,test369,
370,PLANTAE,TRACHEOPHYTA,MAGNOLIOPSIDA,ROSALES,URTICACEAE,test,test370,
371,PLANTAE,TRACHEOPHYTA,MAGNOLIOPSIDA,VAHLIALES,VAHLIACEAE,test,test371,
372,PLANTAE,TRACHEOPHYTA,LILIOPSIDA,PANDANALES,VELLOZIACEAE,test,test372,
373,PLANTAE,TRACHEOPHYTA,MAGNOLIOPSIDA,LAMIALES,VERBENACEAE,test,test373,
374,PLANTAE,TRACHEOPHYTA,MAGNOLIOPSIDA,DIPSACALES,VIBURNACEAE,test,test374,
375,PLANTAE,TRACHEOPHYTA,MAGNOLIOPSIDA,MALPIGHIALES,VIOLACEAE,test,test375,
376,PLANTAE,TRACHEOPHYTA,MAGNOLIOPSIDA,VITALES,VITACEAE,test,test376,
377,PLANTAE,TRACHEOPHYTA,MAGNOLIOPSIDA,MYRTALES,VOCHYSIACEAE,test,test377,
378,PLANTAE,TRACHEOPHYTA,MAGNOLIOPSIDA,CANELLALES,WINTERACEAE,test,test378,
379,PLANTAE,TRACHEOPHYTA,LILIOPSIDA,ASPARAGALES,XERONEMATACEAE,test,test379,
380,PLANTAE,TRACHEOPHYTA,LILIOPSIDA,POALES,XYRIDACEAE,test,test380,
381,PLANTAE,TRACHEOPHYTA,CYCADOPSIDA,CYCADALES,ZAMIACEAE,test,test381,
382,PLANTAE,TRACHEOPHYTA,LILIOPSIDA,ZINGIBERALES,ZINGIBERACEAE,test,test382,
383,PLANTAE,TRACHEOPHYTA,LILIOPSIDA,ALISMATALES,ZOSTERACEAE,test,test383,
384,PLANTAE,TRACHEOPHYTA,MAGNOLIOPSIDA,ZYGOPHYLLALES,ZYGOPHYLLACEAE,test,test384,
385,PLANTAE,TRACHEOPHYTA,MAGNOLIOPSIDA,SAXIFRAGALES,APHANOPETALACEAE,test,test385,
386,PLANTAE,TRACHEOPHYTA,MAGNOLIOPSIDA,CUCURBITALES,APODANTHACEAE,test,test386,
387,PLANTAE,TRACHEOPHYTA,MAGNOLIOPSIDA,AUSTROBAILEYALES,AUSTROBAILEYACEAE,test,test387,
388,PLANTAE,TRACHEOPHYTA,MAGNOLIOPSIDA,CARYOPHYLLALES,BASELLACEAE,test,test388,
389,PLANTAE,TRACHEOPHYTA,MAGNOLIOPSIDA,BRASSICALES,BATACEAE,test,test389,
390,PLANTAE,TRACHEOPHYTA,MAGNOLIOPSIDA,BERBERIDOPSIDALES,BERBERIDOPSIDACEAE,test,test390,
391,PLANTAE,TRACHEOPHYTA,MAGNOLIOPSIDA,SAPINDALES,BIEBERSTEINIACEAE,test,test391,
392,PLANTAE,TRACHEOPHYTA,LILIOPSIDA,ASPARAGALES,BLANDFORDIACEAE,test,test392,
393,PLANTAE,TRACHEOPHYTA,LILIOPSIDA,ASPARAGALES,BORYACEAE,test,test393,
394,PLANTAE,TRACHEOPHYTA,LILIOPSIDA,ZINGIBERALES,CANNACEAE,test,test394,
395,PLANTAE,TRACHEOPHYTA,MAGNOLIOPSIDA,LAMIALES,CARLEMANNIACEAE,test,test395,
396,PLANTAE,TRACHEOPHYTA,PINOPSIDA,PINALES,CEPHALOTAXACEAE,test,test396,
397,PLANTAE,TRACHEOPHYTA,MAGNOLIOPSIDA,RANUNCULALES,CIRCAEASTERACEAE,test,test397,
398,PLANTAE,TRACHEOPHYTA,LILIOPSIDA,LILIALES,CORSIACEAE,test,test398,
399,PLANTAE,TRACHEOPHYTA,MAGNOLIOPSIDA,SAXIFRAGALES,CYNOMORIACEAE,test,test399,
400,PLANTAE,TRACHEOPHYTA,POLYPODIOPSIDA,POLYPODIALES,CYSTODIACEAE,test,test400,
401,PLANTAE,TRACHEOPHYTA,MAGNOLIOPSIDA,MALVALES,CYTINACEAE,test,test401,
402,PLANTAE,TRACHEOPHYTA,MAGNOLIOPSIDA,CUCURBITALES,DATISCACEAE,test,test402,
403,PLANTAE,TRACHEOPHYTA,MAGNOLIOPSIDA,ERICALES,DIAPENSIACEAE,test,test403,
404,PLANTAE,TRACHEOPHYTA,POLYPODIOPSIDA,GLEICHENIALES,DIPTERIDACEAE,test,test404,
405,PLANTAE,TRACHEOPHYTA,LILIOPSIDA,ASPARAGALES,DORYANTHACEAE,test,test405,
406,PLANTAE,TRACHEOPHYTA,MAGNOLIOPSIDA,CARYOPHYLLALES,DROSOPHYLLACEAE,test,test406,
407,PLANTAE,TRACHEOPHYTA,LILIOPSIDA,POALES,ECDEIOCOLEACEAE,test,test407,
408,PLANTAE,TRACHEOPHYTA,MAGNOLIOPSIDA,BRASSICALES,EMBLINGIACEAE,test,test408,
409,PLANTAE,TRACHEOPHYTA,LILIOPSIDA,POALES,FLAGELLARIACEAE,test,test409,
410,PLANTAE,TRACHEOPHYTA,MAGNOLIOPSIDA,CROSSOSOMATALES,GEISSOLOMATACEAE,test,test410,
411,PLANTAE,TRACHEOPHYTA,MAGNOLIOPSIDA,CARYOPHYLLALES,GISEKIACEAE,test,test411,
412,PLANTAE,TRACHEOPHYTA,MAGNOLIOPSIDA,APIALES,GRISELINIACEAE,test,test412,
413,PLANTAE,TRACHEOPHYTA,MAGNOLIOPSIDA,CORNALES,GRUBBIACEAE,test,test413,
414,PLANTAE,TRACHEOPHYTA,MAGNOLIOPSIDA,CROSSOSOMATALES,GUAMATELACEAE,test,test414,
415,PLANTAE,TRACHEOPHYTA,MAGNOLIOPSIDA,CARYOPHYLLALES,HALOPHYTACEAE,test,test415,
416,,,,,INCERTAE_SEDIS,test,test416,
417,PLANTAE,TRACHEOPHYTA,LILIOPSIDA,ASPARAGALES,IXIOLIRIACEAE,test,test417,
418,PLANTAE,TRACHEOPHYTA,LILIOPSIDA,POALES,JOINVILLEACEAE,test,test418,
419,PLANTAE,TRACHEOPHYTA,MAGNOLIOPSIDA,ZYGOPHYLLALES,KRAMERIACEAE,test,test419,
420,PLANTAE,TRACHEOPHYTA,LILIOPSIDA,ASPARAGALES,LANARIACEAE,test,test420,
421,PLANTAE,TRACHEOPHYTA,MAGNOLIOPSIDA,RANUNCULALES,LARDIZABALACEAE,test,test421,
422,PLANTAE,TRACHEOPHYTA,MAGNOLIOPSIDA,CARYOPHYLLALES,LIMEACEAE,test,test422,
423,PLANTAE,TRACHEOPHYTA,MAGNOLIOPSIDA,BRASSICALES,LIMNANTHACEAE,test,test423,
424,PLANTAE,TRACHEOPHYTA,POLYPODIOPSIDA,POLYPODIALES,LONCHITIDACEAE,test,test424,
425,PLANTAE,TRACHEOPHYTA,MAGNOLIOPSIDA,CARYOPHYLLALES,LOPHIOCARPACEAE,test,test425,
426,PLANTAE,TRACHEOPHYTA,MAGNOLIOPSIDA,MALPIGHIALES,LOPHOPYXIDACEAE,test,test426,
427,PLANTAE,TRACHEOPHYTA,MAGNOLIOPSIDA,CARYOPHYLLALES,MACARTHURIACEAE,test,test427,
428,PLANTAE,TRACHEOPHYTA,POLYPODIOPSIDA,GLEICHENIALES,MATONIACEAE,test,test428,
429,PLANTAE,TRACHEOPHYTA,LILIOPSIDA,ALISMATALES,MAUNDIACEAE,test,test429,
430,PLANTAE,TRACHEOPHYTA,LILIOPSIDA,POALES,MAYACACEAE,test,test430,
431,PLANTAE,TRACHEOPHYTA,MAGNOLIOPSIDA,LAMIALES,MAZACEAE,test,test431,
432,PLANTAE,TRACHEOPHYTA,MAGNOLIOPSIDA,CARYOPHYLLALES,MICROTEACEAE,test,test432,
433,PLANTAE,TRACHEOPHYTA,MAGNOLIOPSIDA,SANTALALES,MISODENDRACEAE,test,test433,
434,PLANTAE,TRACHEOPHYTA,MAGNOLIOPSIDA,ERICALES,MITRASTEMONACEAE,test,test434,
435,PLANTAE,TRACHEOPHYTA,MAGNOLIOPSIDA,GUNNERALES,MYROTHAMNACEAE,test,test435,
436,PLANTAE,TRACHEOPHYTA,MAGNOLIOPSIDA,MALVALES,NEURADACEAE,test,test436,
437,PLANTAE,TRACHEOPHYTA,MAGNOLIOPSIDA,BRASSICALES,PENTADIPLANDRACEAE,test,test437,
438,PLANTAE,TRACHEOPHYTA,MAGNOLIOPSIDA,ASTERALES,PENTAPHRAGMATACEAE,test,test438,
439,PLANTAE,TRACHEOPHYTA,LILIOPSIDA,LILIALES,PETERMANNIACEAE,test,test439,
440,PLANTAE,TRACHEOPHYTA,,,PETROSAVIACEAE,test,test440,
441,PLANTAE,TRACHEOPHYTA,LILIOPSIDA,LILIALES,PHILESIACEAE,test,test441,
442,PLANTAE,TRACHEOPHYTA,LILIOPSIDA,COMMELINALES,PHILYDRACEAE,test,test442,
443,PLANTAE,TRACHEOPHYTA,LILIOPSIDA,POALES,RAPATEACEAE,test,test443,
444,PLANTAE,TRACHEOPHYTA,LILIOPSIDA,LILIALES,RIPOGONACEAE,test,test444,
445,PLANTAE,TRACHEOPHYTA,MAGNOLIOPSIDA,ERICALES,RORIDULACEAE,test,test445,
446,PLANTAE,TRACHEOPHYTA,MAGNOLIOPSIDA,BRASSICALES,SETCHELLANTHACEAE,test,test446,
447,PLANTAE,TRACHEOPHYTA,MAGNOLIOPSIDA,CARYOPHYLLALES,SIMMONDSIACEAE,test,test447,
448,PLANTAE,TRACHEOPHYTA,MAGNOLIOPSIDA,CARYOPHYLLALES,STEGNOSPERMATACEAE,test,test448,
449,PLANTAE,TRACHEOPHYTA,LILIOPSIDA,PANDANALES,STEMONACEAE,test,test449,
450,PLANTAE,TRACHEOPHYTA,MAGNOLIOPSIDA,SAXIFRAGALES,TETRACARPAEACEAE,test,test450,
451,PLANTAE,TRACHEOPHYTA,MAGNOLIOPSIDA,LAMIALES,TETRACHONDRACEAE,test,test451,
452,PLANTAE,TRACHEOPHYTA,MAGNOLIOPSIDA,BRASSICALES,TIGANOPHYTACEAE,test,test452,
453,PLANTAE,TRACHEOPHYTA,LILIOPSIDA,ALISMATALES,TOFIELDIACEAE,test,test453,
454,PLANTAE,TRACHEOPHYTA,MAGNOLIOPSIDA,BRASSICALES,TOVARIACEAE,test,test454,
455,PLANTAE,TRACHEOPHYTA,,,WELWITSCHIACEAE,test,test455,
